index,video_name
0,-YwZOeyAQC8_15.mp4
1,1AIVH5cEWrI_35.mp4
2,2-8-0-2-5-4-8-8-5028025488_7.mp4
3,3PJaYWt0cws_5.mp4
4,7-5-1-0-3-6-9-8-3775103698_9.mp4
5,8-6-0-3-9-6-6-0-19586039660_4.mp4
6,9hlyu-wDkg4_4.mp4
7,9jw7D-exQDg_77.mp4
8,FJzKgF-nR0E_15.mp4
9,FSQ2vBJ0hmw_20.mp4
10,IkTAuzVeD2Q_46.mp4
11,WJ-84ioZqcc_41.mp4
12,b7y36KyAIoI_120.mp4
13,bing-heavy_com_entertainment_2017_10_this-is-us-spoilers-chrissy-metz-kate-singing-songs__249.mp4
14,eJRbWjg73fE_116.mp4
15,flickr-0-1-6-8-3-2-4-3-4401683243_31.mp4
16,flickr-0-5-6-9-8-9-0-8-4405698908_26.mp4
17,flickr-0-6-1-2-0-7-8-4-4606120784_26.mp4
18,flickr-0-9-3-5-5-6-6-9-5809355669_3.mp4
19,flickr-0-9-4-9-7-9-0-1-3009497901_3.mp4
20,flickr-1-0-3-5-1-1-0-6-2810351106_1.mp4
21,flickr-1-1-2-0-2-4-6-6-7211202466_8.mp4
22,flickr-1-6-4-12557575164_3.mp4
23,flickr-1-8-1-1-6-5-4-7-6118116547_81.mp4
24,flickr-1-9-7-9-4-8-8-5-5319794885_45.mp4
25,flickr-2-0-5-7-0-2-3-3-4720570233_26.mp4
26,flickr-2-1-6-6-7-1-1-2-16621667112_15.mp4
27,flickr-2-2-8-4-6-0-2-0-8222846020_11.mp4
28,flickr-2-3-8-6-9-3-6-0-2823869360_23.mp4
29,flickr-2-8-2-7-7-6-8-9-3028277689_11.mp4
30,flickr-3-2-7-8-3-1-4-7-16232783147_5.mp4
31,flickr-3-3-2-8-3-2-3-7-2833283237_47.mp4
32,flickr-3-5-1-9-5-7-1-6-5535195716_54.mp4
33,flickr-4-0-4-9-3-3-4-4-15540493344_49.mp4
34,flickr-4-1-6-2-6-0-0-0-23041626000_1.mp4
35,flickr-4-1-7-8-1-9-6-2-3941781962_7.mp4
36,flickr-4-2-6-5-6-4-7-1-5442656471_12.mp4
37,flickr-4-7-1-4-7-6-4-0-2447147640_28.mp4
38,flickr-4-7-7-6-8-6-8-3-10147768683_30.mp4
39,flickr-4-8-3-9-9-3-0-9-6748399309_20.mp4
40,flickr-4-9-9-9-8-3-1-6-25549998316_29.mp4
41,flickr-5-0-2-0-2-2-2-2-2450202222_18.mp4
42,flickr-5-2-4-7-4-1-5-5-6952474155_71.mp4
43,flickr-5-3-3-2-7-2-4-7-3053327247_9.mp4
44,flickr-5-4-8-7-2-0-2-6-2454872026_5.mp4
45,flickr-5-5-5-1-2-1-2-0-2755512120_95.mp4
46,flickr-5-7-2-8-0-0-7-2-3957280072_16.mp4
47,flickr-6-2-2-9-2-0-1-2-5362292012_12.mp4
48,flickr-7-3-3-1-0-7-1-8-2773310718_8.mp4
49,flickr-7-4-1-1-3-9-5-4-8274113954_15.mp4
50,flickr-7-7-0-5-0-7-0-9-4177050709_33.mp4
51,flickr-7-7-6-9-8-7-4-3-6077698743_33.mp4
52,flickr-7-8-3-9-5-6-9-1-3078395691_54.mp4
53,flickr-7-8-4-4-1-9-1-7-2878441917_1.mp4
54,flickr-7-8-5-0-9-0-9-0-4078509090_12.mp4
55,flickr-7-9-6-9-9-2-6-7-5479699267_3.mp4
56,flickr-8-3-1-6897055831_10.mp4
57,flickr-8-4-2-6-5-3-9-1-9784265391_7.mp4
58,flickr-8-7-2-6-6-0-0-8-3387266008_18.mp4
59,flickr-8-9-7-9-5-0-4-1-6189795041_19.mp4
60,flickr-9-3-0-5-5-4-4-2-3593055442_11.mp4
61,flickr-9-3-2-2-7-4-6-7-4593227467_2.mp4
62,flickr-9-6-7-8-7-6-4-6-2496787646_9.mp4
63,flickr-9-7-4-6-7-4-5-2-2597467452_51.mp4
64,flickr_R-1-2-8-9-1-4-3-5-4212891435_36.mp4
65,giphy-10TNZYlPEDFR3a_3.mp4
66,giphy-5gH28DhukBKlq_2.mp4
67,gvztLkrmEIg_137.mp4
68,t2z1X76v4ys_178.mp4
69,twUN1iwMWgY_1320.mp4
70,vine-A-kid-bowing-a-wheel-JohnnyRandom-MgJUX6q5pV5_1.mp4
71,vine-Discussing-gopher-problems-with-Frank-from-the-parks-department-hLpauJl9VBw_1.mp4
72,vine-MBwjdF6eU79_2.mp4
73,vine-MKEjBiBY6Fw_1.mp4
74,vine-MVvgr5hA3JD_1.mp4
75,vine-Nononononono-twerking-weird-clapping-no-Kevin-Marshall-hHqMIJdWz7E_3.mp4
76,vine-arm-wrestling-h6itJarOtiI_3.mp4
77,vine-hxLaMMzZhv0_1.mp4
78,yt---kgxi3dRc8_202.mp4
79,yt--7QDJQU657I_4.mp4
80,yt--Sv97d457Uw_137.mp4
81,yt--d_UnNREYO4_61.mp4
82,yt-0Bzn7lSvTmA_9.mp4
83,yt-0IxYqinsuz8_7.mp4
84,yt-0QzC8ORgZlM_35.mp4
85,yt-11lRVNynHq0_23.mp4
86,yt-1bNx06Nq40k_73.mp4
87,yt-1iBn-CjHBgc_22.mp4
88,yt-1iRW2U2jNPA_888.mp4
89,yt-1icEOZdgkVY_35.mp4
90,yt-2Joztxgo5Sw_180.mp4
91,yt-2Ks8gsK22PA_14.mp4
92,yt-2ULEIoRKW_Q_35.mp4
93,yt-2dK-i-Ie1Yg_68.mp4
94,yt-2r4fsa-FerM_512.mp4
95,yt-3cMBMW1l4L8_137.mp4
96,yt-3feY7fLgX4M_737.mp4
97,yt-4ECKZXJX9FY_7.mp4
98,yt-4GeYyT0lwQ0_20.mp4
99,yt-4JNdEFzM86k_274.mp4
100,yt-4vsQkKl13Qc_682.mp4
101,yt-5K_c4LG7CEE_35.mp4
102,yt-6RiK4Sg2tSY_75.mp4
103,yt-7-zxdVaYzDA_301.mp4
104,yt-74Pt4L0NrGo_187.mp4
105,yt-7Gw5igJ3Uc0_45.mp4
106,yt-7eF1aYP8gCQ_9.mp4
107,yt-7we4oftPEXo_245.mp4
108,yt-84Tw9n59zw0_24.mp4
109,yt-8U-qwDgKU2E_2.mp4
110,yt-8jK--lY7pww_12.mp4
111,yt-9AkGB_rRbIQ_95.mp4
112,yt-9LkmwSItZlk_5.mp4
113,yt-9OU9ycaIiGM_35.mp4
114,yt-9R3WOWjYHMs_3.mp4
115,yt-A77SpYVvfKE_5.mp4
116,yt-ACR1T1nMR0E_57.mp4
117,yt-AXeXiTb9ntA_162.mp4
118,yt-AhM9i0zrIEo_19.mp4
119,yt-BJa2Fs1UyZ0_71.mp4
120,yt-BVDyfz_RdZo_168.mp4
121,yt-CQzqhM81T_M_5.mp4
122,yt-CycYi5Z5guk_25.mp4
123,yt-D0FQ_5wWv_s_5.mp4
124,yt-DlUgLVITRn0_3.mp4
125,yt-DnrzWno9RY0_28.mp4
126,yt-EB_2BGaRiNU_9.mp4
127,yt-F0Ede8UiICQ_38.mp4
128,yt-FSXBt3Sak1E_25.mp4
129,yt-G7OeEYC-zy4_57.mp4
130,yt-HNPvM6RfXsY_12.mp4
131,yt-HT3D9Cpx8Lw_28.mp4
132,yt-HYtGXOKUyCk_5.mp4
133,yt-H_bBYuPxXkU_71.mp4
134,yt-Hdv-QIhFago_254.mp4
135,yt-HsV1AkMICLQ_51.mp4
136,yt-Jpw2EHf2-3s_508.mp4
137,yt-K1EmbP7RMrQ_103.mp4
138,yt-K2Ysv5Y6tYo_297.mp4
139,yt-K8ATZKxAgck_32.mp4
140,yt-KYxzJcHV8bI_485.mp4
141,yt-KZqqB7yoVYw_11.mp4
142,yt-LBVBFl3eNg8_88.mp4
143,yt-LrJEzt-ytsM_18.mp4
144,yt-M1SHOxaP24s_29.mp4
145,yt-M1ZSKh7JbQQ_36.mp4
146,yt-M7LSf18G1-k_30.mp4
147,yt-MJMvM4DjVVY_67.mp4
148,yt-MMycfMcM9oM_297.mp4
149,yt-MqMKjrKRXmI_35.mp4
150,yt-NNVHWypc0No_309.mp4
151,yt-NQKRncc6YX8_35.mp4
152,yt-NyoDNKkeCkE_20.mp4
153,yt-O2JT20EG6yI_111.mp4
154,yt-OGAx__6iSTs_17.mp4
155,yt-OurLBAGyI9c_16.mp4
156,yt-P3MNLNyt_98_51.mp4
157,yt-PWO7CMF5otY_336.mp4
158,yt-PZF2qQpnGcI_97.mp4
159,yt-PkN1YKOuOYE_6.mp4
160,yt-Qk-3RGy0rwk_18.mp4
161,yt-S0dAccaitok_119.mp4
162,yt-SHe7vXXrv44_21.mp4
163,yt-TUdnj4CVFmQ_416.mp4
164,yt-U87RJqCZT8w_16.mp4
165,yt-UPu938CNhYc_35.mp4
166,yt-UZjgD-xTz9Q_310.mp4
167,yt-UdFXugWdS94_32.mp4
168,yt-V9hKfvFLDQo_816.mp4
169,yt-VmGqoK-hmHc_47.mp4
170,yt-WsSVHEX7LdQ_144.mp4
171,yt-XTX0BNJrLcc_97.mp4
172,yt-YHZCo34wpMQ_3.mp4
173,yt-Z02VjQcNxv0_5.mp4
174,yt-ZXSB3uT5Rk8_91.mp4
175,yt-_I70R4j_tjA_309.mp4
176,yt-a9HzBJRWEJw_101.mp4
177,yt-aunEHRTiMrQ_22.mp4
178,yt-b6BhSLVUPuc_188.mp4
179,yt-cUygizD21xo_35.mp4
180,yt-cYECXplgRi4_15.mp4
181,yt-ccsCZ0yttAI_264.mp4
182,yt-cf6C48WpbPE_21.mp4
183,yt-cqmZWMjSuy0_205.mp4
184,yt-cs7e8XeuSGw_61.mp4
185,yt-dUQG4COAK54_46.mp4
186,yt-eKsNke8uDhE_5.mp4
187,yt-fBN0EWsZbnk_14.mp4
188,yt-fCaGeX3EZzc_44.mp4
189,yt-gEpYfnTt5_c_51.mp4
190,yt-gcN3azy8GDY_38.mp4
191,yt-gdfrW0ohNCU_61.mp4
192,yt-gknOwYMSbPs_2.mp4
193,yt-gvcE-VktSSg_23.mp4
194,yt-gyHCZmoE-Gc_173.mp4
195,yt-hFPoxM6C8v0_4.mp4
196,yt-hHV1-no0rkQ_102.mp4
197,yt-hXKxZId2MC0_139.mp4
198,yt-hhmiJzI5caA_52.mp4
199,yt-iHn1BwC1p1I_31.mp4
200,yt-iRPNwUaA-5w_236.mp4
201,yt-iW8qXrKxfsk_18.mp4
202,yt-iYZvTOb0gWU_608.mp4
203,yt-ieUSTTGb3P8_9.mp4
204,yt-ix0bg7Lgyas_26.mp4
205,yt-k2tmlKg0MsU_33.mp4
206,yt-k6Ildfvd4wA_76.mp4
207,yt-krmQtsQUk1Q_485.mp4
208,yt-l8je0Vm72u4_988.mp4
209,yt-lMvo3DnAz2I_37.mp4
210,yt-lTeHKYHiVcM_15.mp4
211,yt-lif69GRiRLE_101.mp4
212,yt-lzsldb9fo70_4.mp4
213,yt-m2cwo-pEgDY_25.mp4
214,yt-mqSlRcLajN4_267.mp4
215,yt-n2JqR0WrAFA_35.mp4
216,yt-nJH9cpyHtro_94.mp4
217,yt-nk1ilLx3z1E_10.mp4
218,yt-o0tfI02ehDE_1.mp4
219,yt-orhTrit8STg_509.mp4
220,yt-owyra39-RLo_36.mp4
221,yt-p2Rry6IQhwE_57.mp4
222,yt-pumHrH9tKRo_131.mp4
223,yt-q4bB_q8QAaA_88.mp4
224,yt-q8mU6W5UqPk_27.mp4
225,yt-q__8ex88Ow0_60.mp4
226,yt-qjtSPSnY_Aw_2.mp4
227,yt-qrKK36byJ30_239.mp4
228,yt-qxNosFrsK1k_55.mp4
229,yt-rjfxunCrhMk_6.mp4
230,yt-sNY_HeMbyQc_35.mp4
231,yt-sWfgS1G-cr4_139.mp4
232,yt-tbKg9FdQZ0g_63.mp4
233,yt-uFP2jKxjIwo_718.mp4
234,yt-uHGsgDLXCns_2999.mp4
235,yt-vfa6yhHnhsU_151.mp4
236,yt-vx-VMETm4g0_154.mp4
237,yt-vywVJ0J6Vlk_635.mp4
238,yt-xPT35mB9C28_1226.mp4
239,yt-xnqqB-leeaQ_128.mp4
240,yt-xp4X1QnB1GE_1595.mp4
241,yt-yI5VBQahUNE_92.mp4
242,yt-yIvortOp_D8_304.mp4
243,yt-yNeLe_a2pck_651.mp4
244,yt-yQK3lr5cpSU_37.mp4
245,yt-ylWmBeCU2LE_101.mp4
246,yt-zGPMQDq1VdU_39.mp4
247,yt-zcz5nb7m-Y4_55.mp4
248,yt_R-62JchDNyM7U_143.mp4
249,yt_R-8XFRghgHAwk_54.mp4
